<?xml version="1.0" encoding="UTF-8"?>
<project-private xmlns="http://www.netbeans.org/ns/project-private/1">
    <editor-bookmarks xmlns="http://www.netbeans.org/ns/editor-bookmarks/2" lastBookmarkId="0"/>
    <open-files xmlns="http://www.netbeans.org/ns/projectui-open-files/2">
        <group>
            <file>file:/C:/Users/fatih/OneDrive/Belgeler/NetBeansProjects/CiftlikBankProje/web/bilgiler.xhtml</file>
            <file>file:/C:/Users/fatih/OneDrive/Belgeler/NetBeansProjects/CiftlikBankProje/web/resources/css/anasayfacss.css</file>
            <file>file:/C:/Users/fatih/OneDrive/Belgeler/NetBeansProjects/CiftlikBankProje/web/doviz.xhtml</file>
            <file>file:/C:/Users/fatih/OneDrive/Belgeler/NetBeansProjects/CiftlikBankProje/web/anasayfa.xhtml</file>
            <file>file:/C:/Users/fatih/OneDrive/Belgeler/NetBeansProjects/CiftlikBankProje/web/giris.xhtml</file>
            <file>file:/C:/Users/fatih/OneDrive/Belgeler/NetBeansProjects/CiftlikBankProje/web/resources/css/doviz.css</file>
            <file>file:/C:/Users/fatih/OneDrive/Belgeler/NetBeansProjects/CiftlikBankProje/web/para_islemleri.xhtml</file>
            <file>file:/C:/Users/fatih/OneDrive/Belgeler/NetBeansProjects/CiftlikBankProje/web/resources/css/ortakcss.css</file>
            <file>file:/C:/Users/fatih/OneDrive/Belgeler/NetBeansProjects/CiftlikBankProje/web/resources/css/para_islemlericss.css</file>
            <file>file:/C:/Users/fatih/OneDrive/Belgeler/NetBeansProjects/CiftlikBankProje/web/fatura.xhtml</file>
            <file>file:/C:/Users/fatih/OneDrive/Belgeler/NetBeansProjects/CiftlikBankProje/web/sube_main.xhtml</file>
            <file>file:/C:/Users/fatih/OneDrive/Belgeler/NetBeansProjects/CiftlikBankProje/src/java/NewClass.java</file>
        </group>
    </open-files>
</project-private>
